name,sequence,channel_tested,readout_used,quality
A03_p1,GTGTCAAACGGGATGCCTAA,488,R17,OK
A03_p14,AGGGACATTCGGACTCGTAT,488,R21,OK
A03_p22,ACATACGGTGGCATTGGTGA,488,R29,OK
zBC127,GCGGGAGGATACAATAACCA,488,R21,great
zBC155,CGGGCACACAATGAATGAGT,488,R17,OK
zBC59,ACAGCCTCAGTAAAGCATCC,488,R17,great
zBC71,TTACTCGTCAACCCATACGC,488,R29,good
zBC91,ATGGATGTTGGTGGGGTTAG,488,R17,good
A01_p3,ATCGCCGAAGGGATTGGTAT,555,R10,good
A01_p8,ATCAGGGCGTGTATGTTGAC,555,R14,great
zBC100,ATCCAAAACGGACAGGAAGC,555,R26,OK
zBC124,AGTTATCGGAGGCATCTTGG,555,R18,good
zBC48,GAACGACGATTAGAGGCGAT,555,R6,great
zBC6,agaatgacgacatttccgcc,555,R6,OK
zBC60,CAAGCGGGATGTGACACTTT,555,R18,great
zBC68,GCTAAGGTGTTGGGTGTCAA,555,R26,good
zBC92,CCAGGTTAGACCACGAGATA,555,R18,good
A03_p3,ACCGATGGCGTGACTGTTTA,594,R19,OK
zBC101,AACCAGAAGTGGGACCTACA,594,R27,OK
zBC125,GGAGAGTGGCAAGAGAAATG,594,R19,great
zBC3,cccgaacctgaatcactttc,594,R3,OK
zBC49,GTGTGGAAGCAACCTACCTA,594,R7,good
zBC53,AAGACACCATACCGAACACC,594,R11,OK
zBC57,GGGTTAGCGTAGTGTCATTG,594,R15,OK
zBC61,ACACTGTAACGGATGCGTAG,594,R19,great
zBC69,GGTGAGAACCGATTGTTTGC,594,R27,great
zBC7,ctgggttgtttcacaagtgg,594,R7,OK
zBC73,CATAGAGTGCTGGCAATACC,594,R31,OK
A01_p5,TCGCCTTCATTCAGTTGGAG,647,R12,great
zBC126,ACCAAGCAGACCGAAAGGAA,647,R20,great
zBC14,ATTACGAGCCGCAGGTTGTA,647,R4,great
zBC178,GCGAGATGTAGTAGCAGACT,647,R8,OK
zBC30,CAGAGTATGGAAGGGAACAC,647,R20,good
zBC4,ttgcgactggtgttcaagct,647,R4,great
zBC46,AATCAACCAAAGGTGCCCGA,647,R4,OK
zBC54,AGACCGACAAGTGTTGGTGT,647,R12,OK
zBC62,CAGGTGACCGTAGATGAATC,647,R20,OK
zBC70,CGCACGAGAATAGCCTTGAA,647,R28,OK
zBC8,caccatgtgatatgccaacg,647,R8,great
zBC94,CGCATAACTCCATTCAACGG,647,R20,OK
A08_p6,AGTGCGGGAAAGAGTCAGTT,555,R6,good
A08_p7,GGCAATCTGTCCAGTCAGTT,594,R7,good
A08_p8,GGGACACCTATGAGTCAGTT,647,R8,good
A08_p9,TAAGCGAACCCCAGTCAGTT,488,R9,good
A09_p6,ATAGGATAGCCGAGGGATGT,555,R6,good
A09_p7,ATGCCAGTGATGAGGGATGT,594,R7,good
A09_p8,GATGGCAAACGAAGGGATGT,647,R8,good
A09_p9,AAGACCAAGGCAAGGGATGT,488,R9,good